web_scraper_order,web_scraper_start_url,Marque,Modele,prix,Kilometrage,Boite_de_vitesse,Region_de_vente,Annee,pagination
"1786243695-1","https://www.gaaraas.com/fr/users/dakar-auto?page=2","2008 Peugeot 307","2008 Peugeot 307","CFA 1 900 000","160 000 km","Wanter Peugeot 307 Diesel manuel/ annee: 2008. Prix last: 1.900.000f Contact Appel & Whatsapp: 782718278 ou 764823888","Dakar","2008 Peugeot 307",""
"1786243695-2","https://www.gaaraas.com/fr/users/dakar-auto?page=2","2012 Peugeot 207","2012 Peugeot 207","CFA 3 800 000","142 000 km","Peugeot 207 année 2012 transmission automatique energy essence sallon cuir beige déjà dédouaner venant 142milles km. Prix: 3.800.000f Contact: 782718278 ou 764823888","Dakar","2012 Peugeot 207",""
"1786243695-3","https://www.gaaraas.com/fr/users/dakar-auto?page=2","2007 Peugeot 307","2007 Peugeot 307","CFA 2 400 000","160 000 km","Wanter peugeot 307 Break en Excellent etat/ Diesel Manuel/ Annee: 2007. Prix last: 2.400.000f Contact:782718278 ou 764823888","Dakar","2007 Peugeot 307",""
"1786243695-4","https://www.gaaraas.com/fr/users/dakar-auto?page=2","2009 Renault Scenic","2009 Renault Scenic","CFA 1 300 000","160 000 km","Wanter Renault Scenic 7 places, mentionées 5 places sur la carte a grise avec probleme de moteur / Climatisé/ Diesel Manuel/Annee: 2009. Prix last: 1.300.000f Contact appel Ou Whatsapp: 782718278 ou 764823888.","Dakar","2009 Renault Scenic",""
"1786243695-5","https://www.gaaraas.com/fr/users/dakar-auto?page=2","2007 SsangYong Kyron","2007 SsangYong Kyron","CFA 2 000 000","120 000 km","🚨🚨🚨Wanterrrrr Ssangyong KYRON 4 x4 Diesel Automatique Année 2007. Arrivée au Sénégal en 2017 4 cylindres Faible consomation. Voiture propre et en bon état.Trés bien entretenue. Last prix : 2.000.000 Fr🙊 Contact: 782718278 ou 764823888","Dakar","2007 SsangYong Kyron",""
"1786243695-6","https://www.gaaraas.com/fr/users/dakar-auto?page=2","2006 Volkswagen Passat","2006 Volkswagen Passat","CFA 2 500 000","164 686 km","Volks Passat /Manuel essence/ Annee 2006 / 164686km / Prix: 2.500.000f","Dakar","2006 Volkswagen Passat",""
"1786243695-7","https://www.gaaraas.com/fr/users/dakar-auto?page=2","2008 Mitsubishi Spacestar","2008 Mitsubishi Spacestar","CFA 2 000 000","160 000 km","Mitsubishi carburant essence boite manuelle climatisé papier complet année 2008 Prix: 2 millions Fcfa Contact Appel ou Whatsapp: 782718278 ou 764823888.","Dakar","2008 Mitsubishi Spacestar",""
"1786243695-8","https://www.gaaraas.com/fr/users/dakar-auto?page=2","2014 Nissan Qashqai","2014 Nissan Qashqai","CFA 7 800 000","63 000 km","A bazarder Nissan Qashqai 2014 Full Options - 63 000km - diesel Automatique - salon : cuir et tissu - Grand écran - aucun défaut - Climatisé Contact Appel ou Whatsapp: 764823888 ou 782718278","Dakar","2014 Nissan Qashqai",""
"1786243695-9","https://www.gaaraas.com/fr/users/dakar-auto?page=2","2007 Skoda Fabia","2007 Skoda Fabia","CFA 1 800 000","220 000 km","Skoda diésel manuel kilométrage moins de 226mil km/h / Plaque Gambie. Prix: 1.800.000 f Contact: 782718278 ou 764823888","Dakar","2007 Skoda Fabia",""
"1786243695-10","https://www.gaaraas.com/fr/users/dakar-auto?page=2","2009 Mitsubishi L200","2009 Mitsubishi L200","CFA 7 800 000","160 000 km","A Bazarder Mitsubishi L200 Double Cabine en Tres bon etat/ Diesel manuel 2009 a 7.800.000f. Contact: 782718278 ou 764823888","Dakar","2009 Mitsubishi L200",""
"1786243695-11","https://www.gaaraas.com/fr/users/dakar-auto?page=2","2004 Peugeot 605","2004 Peugeot 605","CFA 2 200 000","160 000 km","A bazarder Peugeot 605 en excellent etat/ Diesel Manuel. Prix: 2.200.000f Contact Appel ou Whatsapp: 782718278 ou 764823888","Dakar","2004 Peugeot 605",""
"1786243695-12","https://www.gaaraas.com/fr/users/dakar-auto?page=2","2011 Ford Escape","2011 Ford Escape","CFA 4 000 000","109 400 km","Wanter FORD ESCAPE année 2011 4cylindre automatique essence kilométrage 109400 prix: 4 millions Contact Appel ou Whatsapp: 764823888 ou 782718278.","Dakar","2011 Ford Escape",""
"1786243695-13","https://www.gaaraas.com/fr/users/dakar-auto?page=2","2007 Renault Laguna","2007 Renault Laguna","CFA 2 300 000","84 000 km","Renault Laguna Break Manuelle Essence Allumage Clé Carte Année 2007 Kilométrage moins de 84.000 km Prix : 2.300.000 fcfa Contact: 782718278 ou 764823888 Visible à Diamalaye...","Dakar","2007 Renault Laguna",""
"1786243695-14","https://www.gaaraas.com/fr/users/dakar-auto?page=2","2007 Peugeot 307","2007 Peugeot 307","CFA 2 100 000","132 000 km","????????????Wanter Wanter ????????????Peugeot 307 type2/ 2007 /diesel manuel 132.000km. Prix: 2.100.000f Contact Appel ou Whatsapp: 771873537 ou 764823888 ou 782718278","Dakar","2007 Peugeot 307",""
"1786243695-15","https://www.gaaraas.com/fr/users/dakar-auto?page=2","2009 Dacia Logan","2009 Dacia Logan","CFA 2 200 000","160 000 km","Wanter Dacia Logan 7 places mentionnées 5 places sur la carte a grise/ Moteur R19 en excellent etat/ Annee: 2009/ Diesel Manuel. Prix: 2.200.000f Contact: 782718278 ou 764823888","Dakar","2009 Dacia Logan",""
"1786243695-16","https://www.gaaraas.com/fr/users/dakar-auto?page=2","2007 Volkswagen Passat","2007 Volkswagen Passat","CFA 2 900 000","265 000 km","Vente Golf Passat Break/ Diesel Manuel/Climatisé/ Annee: 2007/ 265.000km Moteur d'origine 2.0 TDI Tout le système électronique marche Rien à signaler Prix bazard: 2.900.000f Contact Appel ou Whatsapp: 764823888 ou 782718278","Dakar","2007 Volkswagen Passat",""
"1786243695-17","https://www.gaaraas.com/fr/users/dakar-auto?page=2","2006 Renault Megane","2006 Renault Megane","CFA 1 700 000","180 000 km","Megane Z Annee: 2006 / Diesel Manuel/ Prix: 1.700.000f Contact: 782718278 ou 764823888","Dakar","2006 Renault Megane",""
"1786243695-18","https://www.gaaraas.com/fr/users/dakar-auto?page=2","2002 Renault 21","2002 Renault 21","CFA 2 700 000","160 000 km","Wanter Taxi R21/ Diesel Manuel. Prix last: 2.700.000f Contact: 782718278 ou 764823888","Dakar","2002 Renault 21",""
"1786243695-19","https://www.gaaraas.com/fr/users/dakar-auto?page=2","2007 Peugeot 407","2007 Peugeot 407","CFA 2 800 000","120 000 km","Peugeot 407 Diesel manuel 16 HDI année 2007 Prix: 2.800.000 fcfa Contact:782718278 ou 764823888","Dakar","2007 Peugeot 407",""
"1786243695-20","https://www.gaaraas.com/fr/users/dakar-auto?page=2","2008 Citroen C4","2008 Citroen C4","CFA 2 100 000","160 000 km","A Bazarder Citroen C4 en excellent etat/ Essence Manuel. Prix: 2.100.000f Contact: 782718278 ou 764823888","Dakar","2008 Citroen C4",""
"1786243698-21","https://www.gaaraas.com/fr/users/dakar-auto?page=2","2008 Mitsubishi L200","2008 Mitsubishi L200","CFA 7 200 000","160 000 km","📡🔊 MITSUBISHI DID SPORTERO double Cabine 2008 DIESEL MANUEL : Prix 7.200.000f ⏳⏳⏳ Contact: 782718278 ou 764823888","Dakar","2008 Mitsubishi L200","https://www.gaaraas.com/fr/users/dakar-auto?page=3"
"1786243698-22","https://www.gaaraas.com/fr/users/dakar-auto?page=2","2003 Volkswagen Golf","2003 Volkswagen Golf","CFA 2 500 000","160 000 km","Golf4 diesel climatisé muté DK Prix: 2,5 millions Contact: 782718278 ou 764823888","Dakar","2003 Volkswagen Golf","https://www.gaaraas.com/fr/users/dakar-auto?page=3"
"1786243698-23","https://www.gaaraas.com/fr/users/dakar-auto?page=2","2009 Peugeot 206","2009 Peugeot 206","CFA 2 000 000","130 000 km","Vente Peugeot 206 tres propre/ manuel essence annee 2009 climatisee tres propre. Le prix last: 2.000.000f Contact Appel ou Whatsapp: 764823888 ou 782718278.","Dakar","2009 Peugeot 206","https://www.gaaraas.com/fr/users/dakar-auto?page=3"
"1786243698-24","https://www.gaaraas.com/fr/users/dakar-auto?page=2","2007 Peugeot 307","2007 Peugeot 307","CFA 2 500 000","160 000 km","Vente peugeot 307 break diesel manuel /année 2007. Prix: 2.500.000f Contact: 782718278 ou 764823888","Dakar","2007 Peugeot 307","https://www.gaaraas.com/fr/users/dakar-auto?page=3"
"1786243698-25","https://www.gaaraas.com/fr/users/dakar-auto?page=2","2002 Peugeot 405","2002 Peugeot 405","CFA 2 200 000","160 000 km","A Bazarder 405 Diesel Manuel. Prix last: 2.200.000f Contact: 782718278 ou 764823888","Dakar","2002 Peugeot 405","https://www.gaaraas.com/fr/users/dakar-auto?page=3"
"1786243698-26","https://www.gaaraas.com/fr/users/dakar-auto?page=2","2008 Citroen Berlingo","2008 Citroen Berlingo","CFA 3 300 000","214 000 km","A bazarder Citroen Berlingo 5places en tres bon etat/ Annee: 2008/Diesel Manuel/ 214409 km. Prix: 3.300.000f Contact: 782718278 ou 764823888","Dakar","2008 Citroen Berlingo","https://www.gaaraas.com/fr/users/dakar-auto?page=3"
"1786243698-27","https://www.gaaraas.com/fr/users/dakar-auto?page=2","2006 Hyundai Tucson","2006 Hyundai Tucson","CFA 3 000 000","164 231 km","Hyundai Tucson / Diesel manuel annee 2006/ 164231 kilometres. Prix: 3 millions Conract: 782718278 ou 764823888","Dakar","2006 Hyundai Tucson","https://www.gaaraas.com/fr/users/dakar-auto?page=3"
"1786243698-28","https://www.gaaraas.com/fr/users/dakar-auto?page=2","2008 Hyundai Tucson","2008 Hyundai Tucson","CFA 3 400 000","140 000 km","💫💫💫OFFRE DE LA SEMAINE 👉🏾Hyndai Tucson diesel ⛽ manuel en parfait état moteur nickel / Annee: 2008/ climatisatée. *Prix Bazard : 3.400 000 f Contact: 782718278 ou 764823888","Dakar","2008 Hyundai Tucson","https://www.gaaraas.com/fr/users/dakar-auto?page=3"
"1786243698-29","https://www.gaaraas.com/fr/users/dakar-auto?page=2","2007 Peugeot 307","2007 Peugeot 307","CFA 2 500 000","120 000 km","A bazarder!! Peugeot 307 tres propre climatisé / essence automatique salon en cuir. Prix wanter: 2.500.000f Contact Appel ou Whatsapp: 782718278 ou 764823888.","Dakar","2007 Peugeot 307","https://www.gaaraas.com/fr/users/dakar-auto?page=3"
"1786243698-30","https://www.gaaraas.com/fr/users/dakar-auto?page=2","2007 Peugeot 308","2007 Peugeot 308","CFA 2 800 000","230 000 km","Wanter!! Peugeot 308 climatisé/ Annee: 2007/ diesel manuel/ 230.000km. Prix last: 2.800.000f Contact Appel ou Whatsapp: 782718278 ou 764823888.","Dakar","2007 Peugeot 308","https://www.gaaraas.com/fr/users/dakar-auto?page=3"
"1786243698-31","https://www.gaaraas.com/fr/users/dakar-auto?page=2","2008 Nissan Murano","2008 Nissan Murano","CFA 3 200 000","115 305 km","A bazarder Nissan Murano automatique essence 2008 tout intact / 115.305 km/ Prix: 3.200.000f Contact: 782718278 ou 764823888","Dakar","2008 Nissan Murano","https://www.gaaraas.com/fr/users/dakar-auto?page=3"
"1786243698-32","https://www.gaaraas.com/fr/users/dakar-auto?page=2","2008 Skoda Octavia","2008 Skoda Octavia","CFA 1 900 000","160 000 km","Skoda octavia/ Diesel Manuel/ 2008. Prix: 1.900.000f Contact: 782718278 ou 764823888","Dakar","2008 Skoda Octavia","https://www.gaaraas.com/fr/users/dakar-auto?page=3"
"1786243698-33","https://www.gaaraas.com/fr/users/dakar-auto?page=2","2012 Mitsubishi L200","2012 Mitsubishi L200","CFA 11 900 000","116 000 km","Mitsubishi L200 / Diesel/ Manuel/ Annee: 2012 toutes options régulièrement entretenue chez le concessionnaire / 116000 kms au compteur. Prix 11900000 f cfa. Contact: 782718278 ou 764823888","Dakar","2012 Mitsubishi L200","https://www.gaaraas.com/fr/users/dakar-auto?page=3"
"1786243698-34","https://www.gaaraas.com/fr/users/dakar-auto?page=2","2012 Chevrolet Camaro","2012 Chevrolet Camaro","CFA 4 000 000","220 000 km","Chevrolet Cruise venant Toute Neuve Climatisée / Km: 220.000 / Diesel / Annee: 2012 / Manuel / Plaque verte/ Non dedouanee/ Tous les papiers sont en regles. Dernier Prix: 4.000.000 Contact: 782718278 ou 764823888","Dakar","2012 Chevrolet Camaro","https://www.gaaraas.com/fr/users/dakar-auto?page=3"
"1786243698-35","https://www.gaaraas.com/fr/users/dakar-auto?page=2","2007 Renault Logan","2007 Renault Logan","CFA 2 900 000","160 000 km","Taxi 🚖 Dacia Logan 7 places diesel ⛽/ Manuel/ avec licence papiers en règle en parfait état assurance *Prix : 2.900.000 Fr *🤠 Contact Appel ou Whatsapp: 782718278 ou 764823888","Dakar","2007 Renault Logan","https://www.gaaraas.com/fr/users/dakar-auto?page=3"
"1786243698-36","https://www.gaaraas.com/fr/users/dakar-auto?page=2","2004 Mercedes‒Benz 190","2004 Mercedes‒Benz 190","CFA 2 200 000","140 000 km","Wanter du siecle! Mercedes 190 en excellent etat/ Gasoil Manuel. Prix bazard: 2.200.000f Contact appel ou Whatsapp: 764823888 ou 782718278","Dakar","2004 Mercedes‒Benz 190","https://www.gaaraas.com/fr/users/dakar-auto?page=3"
"1786243698-37","https://www.gaaraas.com/fr/users/dakar-auto?page=2","2000 Renault 19","2000 Renault 19","CFA 1 800 000","180 000 km","A Bazarder R19 a Bas PriX/Diesel manuel. Prix Last: 1.800.000f Contact: 782718278 ou 764823888","Dakar","2000 Renault 19","https://www.gaaraas.com/fr/users/dakar-auto?page=3"
"1786243698-38","https://www.gaaraas.com/fr/users/dakar-auto?page=2","2007 Volkswagen Passat","2007 Volkswagen Passat","CFA 2 000 000","90 000 km","Passat automatique essence / 90.000 au compteur/ Annee: 2007/ Prix: 2 millions Contact: 782718278 ou 764823888","Dakar","2007 Volkswagen Passat","https://www.gaaraas.com/fr/users/dakar-auto?page=3"
"1786243698-39","https://www.gaaraas.com/fr/users/dakar-auto?page=2","2012 Peugeot 308","2012 Peugeot 308","CFA 3 800 000","103 000 km","A Bazarder Peugeot 308/ Diesel manuel / Annee: 2012/ Prix: 3.800.000f Contact: 782718278 ou 764823888","Dakar","2012 Peugeot 308","https://www.gaaraas.com/fr/users/dakar-auto?page=3"
"1786243698-40","https://www.gaaraas.com/fr/users/dakar-auto?page=2","2009 Daewoo Matiz","2009 Daewoo Matiz","CFA 3 000 000","120 000 km","Dacia 7 places /Annee 2008 /Prix: 3millions Contact: 782718278 ou 764823888","Dakar","2009 Daewoo Matiz","https://www.gaaraas.com/fr/users/dakar-auto?page=3"
"1786243701-41","https://www.gaaraas.com/fr/users/dakar-auto?page=2","2012 Nissan Altima","2012 Nissan Altima","CFA 3 000 000","130 000 km","A bazarder Nissan Altima Climatisé tres propre/ Annee: 2012/ Automatique essence/ 130.000km. Prix: 3 millions Contact Appel ou Whatsapp: 764823888 ou 782718278","Dakar","2012 Nissan Altima","https://www.gaaraas.com/fr/users/dakar-auto?page=4"
"1786243701-42","https://www.gaaraas.com/fr/users/dakar-auto?page=2","2013 Hyundai Elantra","2013 Hyundai Elantra","CFA 6 500 000","66 000 km","Marque : Hyundai Modèl : Elantra Transimission : Automatique Essence Couleur : Noir Année : 2013 KM : Moin de 100MIL Commande au volant, démarrage a distance jante alu Déjà dédouané à Dakar‼ Prix: 6.500.000f Contact: 782718278 ou 764823888","Dakar","2013 Hyundai Elantra","https://www.gaaraas.com/fr/users/dakar-auto?page=4"
"1786243701-43","https://www.gaaraas.com/fr/users/dakar-auto?page=2","2008 Hyundai Getz","2008 Hyundai Getz","CFA 1 800 000","98 000 km","Wanter en urgence! Hyundai Getz climatisé/ 2008/ 98.000km/ essence manuel. Prix Wanter: 1.800.000f Contact Appel ou Whatsapp: 782718278 ou 764823888.","Dakar","2008 Hyundai Getz","https://www.gaaraas.com/fr/users/dakar-auto?page=4"
"1786243701-44","https://www.gaaraas.com/fr/users/dakar-auto?page=2","2009 Toyota Camry","2009 Toyota Camry","CFA 3 500 000","145 000 km","Wanter vite fais! Toyota Camry en excellent etat climatisé/ Essence automatique/ Annee: 2009/ 145.000 km. Prix wanter: 3.500.000f Contact Appel ou Whatsapp: 782718278 ou 764823888","Dakar","2009 Toyota Camry","https://www.gaaraas.com/fr/users/dakar-auto?page=4"
"1786243701-45","https://www.gaaraas.com/fr/users/dakar-auto?page=2","2010 Dacia Logan","2010 Dacia Logan","CFA 2 000 000","161 000 km","Vente Taxi Dacia Logan 2010 / Diesel Manuel/ 161.000km/Prix: 2millions last Contact: 782718278 ou 764823888","Dakar","2010 Dacia Logan","https://www.gaaraas.com/fr/users/dakar-auto?page=4"
"1786243701-46","https://www.gaaraas.com/fr/users/dakar-auto?page=2","2007 Peugeot 307","2007 Peugeot 307","CFA 2 200 000","160 000 km","A bazarder Peugeot 307 / diesel manuel/ Annee: 2007 Prix last: 2.200.000f Contact: 782718278 ou 764823888","Dakar","2007 Peugeot 307","https://www.gaaraas.com/fr/users/dakar-auto?page=4"
"1786243701-47","https://www.gaaraas.com/fr/users/dakar-auto?page=2","2014 Ford Focus","2014 Ford Focus","CFA 4 500 000","115 000 km","Ford focus 2014 essence automatique full option salon cuire grand ecran toit ouvrant/ 115000km. Prix: 4,5 millions Contact Appel ou Whatsapp: 782718278 ou 764823888","Dakar","2014 Ford Focus","https://www.gaaraas.com/fr/users/dakar-auto?page=4"
"1786243701-48","https://www.gaaraas.com/fr/users/dakar-auto?page=2","2007 Peugeot 307","2007 Peugeot 307","CFA 2 400 000","160 000 km","307 break type1 essence manuel. PriX: 2.400.000f Contact: 782718278 ou 764823888","Dakar","2007 Peugeot 307","https://www.gaaraas.com/fr/users/dakar-auto?page=4"
"1786243701-49","https://www.gaaraas.com/fr/users/dakar-auto?page=2","2003 Peugeot 406","2003 Peugeot 406","CFA 2 600 000","160 000 km","Peugeot 406 Type 2 tout intact et propre, Papiers complets/Diesel Manuel. Prix: 2.600.000f last Contact: 782718278 ou 764823888","Dakar","2003 Peugeot 406","https://www.gaaraas.com/fr/users/dakar-auto?page=4"
"1786243701-50","https://www.gaaraas.com/fr/users/dakar-auto?page=2","2009 Hyundai Tucson","2009 Hyundai Tucson","CFA 4 000 000","140 000 km","Hyundai Tucson diesel manuel climatisé année 2009 Prix:4 millions! tres propre Contact Appel ou Whatsapp: 764823888 ou 782718278","Dakar","2009 Hyundai Tucson","https://www.gaaraas.com/fr/users/dakar-auto?page=4"
"1786243701-51","https://www.gaaraas.com/fr/users/dakar-auto?page=2","2009 Peugeot 308","2009 Peugeot 308","CFA 3 300 000","256 730 km","Peugeot 308 climatisé/Diesel Manuel/Annee: 2009/ 256730km. Prix last: 3.300.000f Contact: 782718278 ou 764823888","Dakar","2009 Peugeot 308","https://www.gaaraas.com/fr/users/dakar-auto?page=4"
"1786243701-52","https://www.gaaraas.com/fr/users/dakar-auto?page=2","2009 Peugeot 308","2009 Peugeot 308","CFA 2 300 000","311 368 km","A bazarder peugeot 308 tout intact /Diesel Manuel/ Annee: 2009/ 311368 km. Prix last: 2.300.000f Contact: 782718278 ou 764823888","Dakar","2009 Peugeot 308","https://www.gaaraas.com/fr/users/dakar-auto?page=4"
"1786243701-53","https://www.gaaraas.com/fr/users/dakar-auto?page=2","2011 Honda Elysion","2011 Honda Elysion","CFA 3 500 000","160 000 km","Wanter 4X4 Honda a bas prix/ Essence automatique climatisé/ Annee 2011. Prix last: 3.500.000 Contact: 782718278 ou 764823888","Dakar","2011 Honda Elysion","https://www.gaaraas.com/fr/users/dakar-auto?page=4"
"1786243701-54","https://www.gaaraas.com/fr/users/dakar-auto?page=2","2008 Citroen C3","2008 Citroen C3","CFA 2 100 000","110 000 km","A bazarder Citroen C3 diesel manuel/ Annee: 2008 climatisé plus de 100.000 km très propre papiers complet. Prix: 2.100.000f Contact Appel ou Whatsapp: 782718278 ou 764823888","Dakar","2008 Citroen C3","https://www.gaaraas.com/fr/users/dakar-auto?page=4"
"1786243701-55","https://www.gaaraas.com/fr/users/dakar-auto?page=2","2005 Citroen C5","2005 Citroen C5","CFA 2 100 000","334 000 km","Wanter en urgence!! Citroen C4 en excellent etat/ Diesel manuel/ Annee: 2005 / 334.000km. Prix wanter: 2.100.000f Contact Appel ou Whatsapp: 782718278 ou 764823888.","Dakar","2005 Citroen C5","https://www.gaaraas.com/fr/users/dakar-auto?page=4"
"1786243701-56","https://www.gaaraas.com/fr/users/dakar-auto?page=2","2005 Toyota Auris","2005 Toyota Auris","CFA 3 500 000","179 315 km","💫💫TOYOTA AURIS CARBURANT ⛽GASOIL BOITE 🚦MANUEL ANNÉE 2005 CLIMATISATION MOTEUR Chaine 179315KM . PriX: 3.500.000f Contact Appel ou Whatsapp: 782718278 ou 764823888","Dakar","2005 Toyota Auris","https://www.gaaraas.com/fr/users/dakar-auto?page=4"
"1786243701-57","https://www.gaaraas.com/fr/users/dakar-auto?page=2","2008 Citroen C3","2008 Citroen C3","CFA 2 300 000","128 000 km","C3 en tres bon etat/ Diesel manuel / Climatisé / Moteur impect. Prix: 2.300.000f Contact: 782718278 ou 764823888","Dakar","2008 Citroen C3","https://www.gaaraas.com/fr/users/dakar-auto?page=4"
"1786243701-58","https://www.gaaraas.com/fr/users/dakar-auto?page=2","2006 Ford Focus","2006 Ford Focus","CFA 2 150 000","160 000 km","💫💫💫Dernier virage la promotion continue chez * Ford Focus diesel ⛽ manuel en parfait état moteur nickel * Prix wanterrr : 2.150.000 Fr last*🤠 Contact: 782718278 ou 764823888","Dakar","2006 Ford Focus","https://www.gaaraas.com/fr/users/dakar-auto?page=4"
"1786243701-59","https://www.gaaraas.com/fr/users/dakar-auto?page=2","2008 Toyota RAV4","2008 Toyota RAV4","CFA 2 900 000","130 000 km","Wanter du jour Rav4 diesel manuel très bon état papier en règle. Prix: 2.900.000f Contact Appel ou Whatsapp: 782718278 ou 764823888","Dakar","2008 Toyota RAV4","https://www.gaaraas.com/fr/users/dakar-auto?page=4"
"1786243701-60","https://www.gaaraas.com/fr/users/dakar-auto?page=2","2000 Peugeot 309","2000 Peugeot 309","CFA 2 800 000","130 000 km","Wanter Taxi Peugeot 309 en excellent etat/ Diesel Manuel. Prix: 2.800.000f Contact Appel ou Whatsapp: 782718278 ou 764823888","Dakar","2000 Peugeot 309","https://www.gaaraas.com/fr/users/dakar-auto?page=4"
"1786243704-61","https://www.gaaraas.com/fr/users/dakar-auto?page=2","2006 Citroen C3","2006 Citroen C3","CFA 1 500 000","160 000 km","Wanter Taxi C3/ Diesel Manuel/ Annee: 2006. Prix last: 1.500.000f Contact: 782718278 ou 764823888","Dakar","2006 Citroen C3","https://www.gaaraas.com/fr/users/dakar-auto?page=5"
"1786243704-62","https://www.gaaraas.com/fr/users/dakar-auto?page=2","2000 Renault 19","2000 Renault 19","CFA 2 000 000","160 000 km","A bazarder Renault 19/ Diesel Manuel en bon etat. Prix: 2 millions Contact Appel ou whatsapp: 782718278 ou 764823888","Dakar","2000 Renault 19","https://www.gaaraas.com/fr/users/dakar-auto?page=5"
"1786243704-63","https://www.gaaraas.com/fr/users/dakar-auto?page=2","2007 Citroen C3","2007 Citroen C3","CFA 2 000 000","180 000 km","C 3 diesel manuelle climatisé entretien année 2007 papier règles prix 2.000.000f Contact: 782718278 ou 764823888","Dakar","2007 Citroen C3","https://www.gaaraas.com/fr/users/dakar-auto?page=5"
"1786243704-64","https://www.gaaraas.com/fr/users/dakar-auto?page=2","2009 Ford Fusion","2009 Ford Fusion","CFA 2 000 000","144 000 km","Wanter!! Ford fusion SE essence automatique Année 2009 144000km Prix last: 2 millions Contact Appel ou Whatsapp: 782718278 ou 764823888.","Dakar","2009 Ford Fusion","https://www.gaaraas.com/fr/users/dakar-auto?page=5"
"1786243704-65","https://www.gaaraas.com/fr/users/dakar-auto?page=2","2006 Renault Megane","2006 Renault Megane","CFA 1 600 000","180 000 km","Megane Z/ Diesel Manuel/ annee 2006/ Prix last: 1 600 000f Contact: 782718278 ou 764823888","Dakar","2006 Renault Megane","https://www.gaaraas.com/fr/users/dakar-auto?page=5"
"1786243704-66","https://www.gaaraas.com/fr/users/dakar-auto?page=2","2011 Mitsubishi ASX","2011 Mitsubishi ASX","CFA 6 000 000","94 954 km","Mitsubishi asx 2011, manuelle diésel intérieur cuir 94954km. Prix: 6 000 000f Contact: 782718278 ou 764823888","Dakar","2011 Mitsubishi ASX","https://www.gaaraas.com/fr/users/dakar-auto?page=5"
"1786243704-67","https://www.gaaraas.com/fr/users/dakar-auto?page=2","2008 Citroen C5","2008 Citroen C5","CFA 2 700 000","130 000 km","Citroën c5 Année 2008 Essence Manuelle (5vitesses) En très bon état Prix fixe: 2.700.000Fcfa Contact Appel ou Whatsapp: 782718278 ou 764823888.","Dakar","2008 Citroen C5","https://www.gaaraas.com/fr/users/dakar-auto?page=5"
"1786243704-68","https://www.gaaraas.com/fr/users/dakar-auto?page=2","2008 Ford Edge","2008 Ford Edge","CFA 7 000 000","125 000 km","Edge 2008 automatique essence kilomètrage 125mille/Toit panoramique / Moteur V6 2.7 / Prix: 7 millions Contact: 782718278 ou 764823888","Dakar","2008 Ford Edge","https://www.gaaraas.com/fr/users/dakar-auto?page=5"
"1786243704-69","https://www.gaaraas.com/fr/users/dakar-auto?page=2","2008 Peugeot 308","2008 Peugeot 308","CFA 2 500 000","140 000 km","Peugeot 308 2008 140000km Manuel essence Climatisé carrosserie à prevoir Wanterr 2.500.000 Contact: 782718278 ou 764823888","Dakar","2008 Peugeot 308","https://www.gaaraas.com/fr/users/dakar-auto?page=5"
"1786243704-70","https://www.gaaraas.com/fr/users/dakar-auto?page=2","2007 Peugeot 307","2007 Peugeot 307","CFA 2 300 000","210 000 km","diesel manuel kilométrage 210000 prix last 2300000 Contact: 782718278","Dakar","2007 Peugeot 307","https://www.gaaraas.com/fr/users/dakar-auto?page=5"
"1786243704-71","https://www.gaaraas.com/fr/users/dakar-auto?page=2","2010 Kia Soul","2010 Kia Soul","CFA 3 500 000","172 900 km","Vente Kia Soul climatisé/ Essence Manuel / Annee: 2010/ 172996km. Prix : 3.500.000f Contact Appel ou Whatsapp: 782718278 ou 764823888","Dakar","2010 Kia Soul","https://www.gaaraas.com/fr/users/dakar-auto?page=5"
"1786243704-72","https://www.gaaraas.com/fr/users/dakar-auto?page=2","2008 Peugeot 307","2008 Peugeot 307","CFA 2 800 000","160 000 km","A Bazarder 307 Break 7places/ Diesel Manuel/ Annee: 2008 /sur la carte a grise c'est bien mentionné 7places. Prix: 2.800.000f Contact: 782718278 ou 764823888","Dakar","2008 Peugeot 307","https://www.gaaraas.com/fr/users/dakar-auto?page=5"
"1786243704-73","https://www.gaaraas.com/fr/users/dakar-auto?page=2","2007 Peugeot 307","2007 Peugeot 307","CFA 2 100 000","140 000 km","Wanter Peugeot 307 Type 2 / Diesel Manuel. Tres propre! Prix last: 2.100.000f Contact Appel ou Whatsapp: 771873537 ou 764823888 ou 782718278","Dakar","2007 Peugeot 307","https://www.gaaraas.com/fr/users/dakar-auto?page=5"
"1786243704-74","https://www.gaaraas.com/fr/users/dakar-auto?page=2","2008 Renault Megane","2008 Renault Megane","CFA 1 600 000","160 000 km","Megane Z / Diesel Manuel/ annee 2008 / Prix: 1.600.000f Last Contact: 782718278 ou 764823888","Dakar","2008 Renault Megane","https://www.gaaraas.com/fr/users/dakar-auto?page=5"
"1786243704-75","https://www.gaaraas.com/fr/users/dakar-auto?page=2","2002 Peugeot 406","2002 Peugeot 406","CFA 2 200 000","140 000 km","A bazarder 406 à vendr manuelle diesel mauteur 405 climatisé a un bon prix 2.200.000f Contact Appel ou Whatsapp: 782718278 ou 764823888","Dakar","2002 Peugeot 406","https://www.gaaraas.com/fr/users/dakar-auto?page=5"
"1786243704-76","https://www.gaaraas.com/fr/users/dakar-auto?page=2","2000 Volkswagen Golf","2000 Volkswagen Golf","CFA 1 500 000","160 000 km","A Bazarder Golf 2 Diesel Manuel. Prix last: 1.500.000f Contact: 782718278 ou 764823888","Dakar","2000 Volkswagen Golf","https://www.gaaraas.com/fr/users/dakar-auto?page=5"
"1786243704-77","https://www.gaaraas.com/fr/users/dakar-auto?page=2","2009 Peugeot 308","2009 Peugeot 308","CFA 3 600 000","140 000 km","A vendre 308 Break Climatisé/ Diesel manuel/ Annee : 2009. Prix: 3.600.000f Contact Appel ou Whatsapp: 782718278 ou 764823888","Dakar","2009 Peugeot 308","https://www.gaaraas.com/fr/users/dakar-auto?page=5"
"1786243704-78","https://www.gaaraas.com/fr/users/dakar-auto?page=2","Citroen C3","Citroen C3","CFA 1 800 000","220 000 km","Citroen C3/ Écran de bord bluetooth carte très faible consommation/Diesel manuel/ 316000km/ prix: 1.800.000f Contact: 782718278 ou 764823888","Dakar","Citroen C3","https://www.gaaraas.com/fr/users/dakar-auto?page=5"
"1786243704-79","https://www.gaaraas.com/fr/users/dakar-auto?page=2","1989 Renault 19","1989 Renault 19","CFA 2 300 000","180 000 km","A bazarder R19 / diesel manuel/ annee: 1989. Prix: 2.300.000f Contact: 782718278 ou 764823888","Dakar","1989 Renault 19","https://www.gaaraas.com/fr/users/dakar-auto?page=5"
"1786243704-80","https://www.gaaraas.com/fr/users/dakar-auto?page=2","2009 Toyota Aygo","2009 Toyota Aygo","CFA 2 700 000","150 000 km","A Bazarder Toyota aygo manuel essence année 2009. Prix: 2.700.000f Contact: 782718278 ou 764823888","Dakar","2009 Toyota Aygo","https://www.gaaraas.com/fr/users/dakar-auto?page=5"
"1786243708-81","https://www.gaaraas.com/fr/users/dakar-auto?page=2","2008 Peugeot 307","2008 Peugeot 307","CFA 3 200 000","140 000 km","A vendre 307 Break diesel manuel année 2008 avec papier complet/7 places d'origine. Prix: 3.200.000f Contact Appel ou Whatsapp: 764823888 ou 782718278","Dakar","2008 Peugeot 307","https://www.gaaraas.com/fr/users/dakar-auto?page=6"
"1786243708-82","https://www.gaaraas.com/fr/users/dakar-auto?page=2","2007 Peugeot 307","2007 Peugeot 307","CFA 2 000 000","160 000 km","A Bazarder peugeot 307 a Bas Prix tout intact/ Diesel Manuel/ Annee: 2007. Prix last: 2 millions last Contact: 782718278 ou 764823888","Dakar","2007 Peugeot 307","https://www.gaaraas.com/fr/users/dakar-auto?page=6"
"1786243708-83","https://www.gaaraas.com/fr/users/dakar-auto?page=2","2005 Renault Megane","2005 Renault Megane","CFA 2 000 000","160 000 km","A bazarder Renault Mégane en Excellent etat, tres propre/ Direction assistée/ Diesel Manuel/ Annee: 2005. Prix: 2 millions Contact: 782718278 ou 764823888","Dakar","2005 Renault Megane","https://www.gaaraas.com/fr/users/dakar-auto?page=6"
"1786243708-84","https://www.gaaraas.com/fr/users/dakar-auto?page=2","2007 Volkswagen Passat","2007 Volkswagen Passat","CFA 1 600 000","120 000 km","Volkswagen Passat/ Gasoil / Manuel/ Année 2007 prix 1600000 Contact: 782718278","Dakar","2007 Volkswagen Passat","https://www.gaaraas.com/fr/users/dakar-auto?page=6"
"1786243708-85","https://www.gaaraas.com/fr/users/dakar-auto?page=2","2007 Ford Escort","2007 Ford Escort","CFA 2 700 000","174 000 km","Ford ecosport essence Manuel moteur solide en chaîne année 2007 faible consommation très solide / 174.000km / Prix: 2.700.000f Contact: 782718278 ou 764823888","Dakar","2007 Ford Escort","https://www.gaaraas.com/fr/users/dakar-auto?page=6"
"1786243708-86","https://www.gaaraas.com/fr/users/dakar-auto?page=2","2009 Kia Sorento","2009 Kia Sorento","CFA 3 800 000","140 000 km","Big wantére Kia sorento 2009 diesel manuel climatisé exellen eta salon cuire tres propre Prix last: 3 800 000 Contact: 782718278 ou 764823888","Dakar","2009 Kia Sorento","https://www.gaaraas.com/fr/users/dakar-auto?page=6"
"1786243708-87","https://www.gaaraas.com/fr/users/dakar-auto?page=2","2007 Peugeot 307","2007 Peugeot 307","CFA 2 300 000","160 000 km","307 Break tres propre avec Moteur venant 406 / Annee: 2007/Diesel Manuel. Prix: 2.300.000f Contact: 782718278 ou 764823888","Dakar","2007 Peugeot 307","https://www.gaaraas.com/fr/users/dakar-auto?page=6"
"1786243708-88","https://www.gaaraas.com/fr/users/dakar-auto?page=2","2004 Peugeot 406","2004 Peugeot 406","CFA 2 000 000","18 000 km","Wanter Peugeot 406 Diesel Manuel Papiers complet. Prix last: 2 millions Contact: 782718278 ou 764823888","Dakar","2004 Peugeot 406","https://www.gaaraas.com/fr/users/dakar-auto?page=6"
"1786243708-89","https://www.gaaraas.com/fr/users/dakar-auto?page=2","2007 Peugeot 307","2007 Peugeot 307","CFA 2 000 000","160 000 km","307 diesel manuel/ 2007/ prix: 2millions Contact: 782718278 ou 764823888","Dakar","2007 Peugeot 307","https://www.gaaraas.com/fr/users/dakar-auto?page=6"
"1786243708-90","https://www.gaaraas.com/fr/users/dakar-auto?page=2","2014 Nissan Altima","2014 Nissan Altima","CFA 2 500 000","110 000 km","Nissan Altima Essence automatique Papier complet Moteur d'origine climtisé Année 2014 Prix 2 500 000 last Contact Appel ou Whatsapp: 782718278 ou 764823888","Dakar","2014 Nissan Altima","https://www.gaaraas.com/fr/users/dakar-auto?page=6"
"1786243708-91","https://www.gaaraas.com/fr/users/dakar-auto?page=2","2010 Ford Escape","2010 Ford Escape","CFA 6 000 000","180 000 km","Ford escape 2010 Full Options / Essence automatique/ 180000kms. Prix: 6 millions Contact: 782718278 ou 764823888","Dakar","2010 Ford Escape","https://www.gaaraas.com/fr/users/dakar-auto?page=6"
"1786243708-92","https://www.gaaraas.com/fr/users/dakar-auto?page=2","2003 Opel Astra","2003 Opel Astra","CFA 2 500 000","160 000 km","Opel gasoil manuel /papier complet 7places Prix: 2.500.000frs Contact: 782718278 ou 764823888","Dakar","2003 Opel Astra","https://www.gaaraas.com/fr/users/dakar-auto?page=6"
"1786243708-93","https://www.gaaraas.com/fr/users/dakar-auto?page=2","2007 BMW 315","2007 BMW 315","CFA 1 500 000","120 000 km","Bmw318 Essence manuel Papier complet Moteur bou wow Kong 4 cylindre Prix last: 1 500.000f Contact Appel ou Whatsapp: 782718278 ou 764823888","Dakar","2007 BMW 315","https://www.gaaraas.com/fr/users/dakar-auto?page=6"
"1786243708-94","https://www.gaaraas.com/fr/users/dakar-auto?page=2","2002 Rover 600","2002 Rover 600","CFA 1 800 000","128 000 km","Rover / Annee 2002 / Essence manuel a 1.800.000f Contact: 782718278 ou 764823888","Dakar","2002 Rover 600","https://www.gaaraas.com/fr/users/dakar-auto?page=6"
"1786243708-95","https://www.gaaraas.com/fr/users/dakar-auto?page=2","2010 Jeep Patriot","2010 Jeep Patriot","CFA 3 900 000","140 000 km","Jeep 4 x 4 essence ⛽ manuel année 2010 en parfait état plaque BA très propre faible consommation vendu à un prix cadeau 3.900.000 Fr🤠 Contact: 782718278 ou 764823888","Dakar","2010 Jeep Patriot","https://www.gaaraas.com/fr/users/dakar-auto?page=6"
"1786243708-96","https://www.gaaraas.com/fr/users/dakar-auto?page=2","2008 Hyundai Tucson","2008 Hyundai Tucson","CFA 2 600 000","110 000 km","Vente Hyundai Tucson diesel manuel climatisé Prix last: 2.600.000f Contact Appel ou Whatsapp: 782718278 ou 764823888","Dakar","2008 Hyundai Tucson","https://www.gaaraas.com/fr/users/dakar-auto?page=6"
"1786243708-97","https://www.gaaraas.com/fr/users/dakar-auto?page=2","2004 Renault Clio","2004 Renault Clio","CFA 1 900 000","120 000 km","Renault Clio/ Manuel Essence Année 2004 prix 1900000. Contact: 782718278 ou 764823888","Dakar","2004 Renault Clio","https://www.gaaraas.com/fr/users/dakar-auto?page=6"
"1786243708-98","https://www.gaaraas.com/fr/users/dakar-auto?page=2","2006 Ford Taurus","2006 Ford Taurus","CFA 3 800 000","200 000 km","Wanter Ford Transit / Diesel manuel/ 20 places mentionnées 16places sur la carte a Grise/ Annee: 2006. Prix Kheweul: 3.800.000f Contact Appel ou Whatsapp: 782718278 ou 764823888","Dakar","2006 Ford Taurus","https://www.gaaraas.com/fr/users/dakar-auto?page=6"
"1786243708-99","https://www.gaaraas.com/fr/users/dakar-auto?page=2","2008 Peugeot 307","2008 Peugeot 307","CFA 2 600 000","250 000 km","Peugeot 307/ 7places/ Diesel manuel/Année 2008 /kilométrage 250 000. Prix: 2.600.000f last Contact: 782718278 ou 764823888","Dakar","2008 Peugeot 307","https://www.gaaraas.com/fr/users/dakar-auto?page=6"
"1786243708-100","https://www.gaaraas.com/fr/users/dakar-auto?page=2","2008 Citroen C3","2008 Citroen C3","CFA 1 800 000","160 000 km","A bazarder Citroen C3 en excellent etat climatisé/ Diesel Manuel/ Annee: 2008. Prix last: 1.800.000f Contact: 782718278 ou 764823888","Dakar","2008 Citroen C3","https://www.gaaraas.com/fr/users/dakar-auto?page=6"
"1786243712-101","https://www.gaaraas.com/fr/users/dakar-auto?page=2","2005 Toyota Land Cruiser Prado","2005 Toyota Land Cruiser Prado","CFA 3 800 000","130 000 km","Vente Toyota Landcruiser année 2005 07 places 02 reservoirs 02 roues de secours 17cv / 4 cylindres/ diesel manuel. Prix Wanter: 3.800.000f Contact Appel ou Whatsapp: 782718278 ou 764823888.","Dakar","2005 Toyota Land Cruiser Prado","https://www.gaaraas.com/fr/users/dakar-auto?page=7"
"1786243712-102","https://www.gaaraas.com/fr/users/dakar-auto?page=2","2008 Peugeot 206","2008 Peugeot 206","CFA 2 300 000","164 000 km","Peugeot 206 essence climatisé a 2.300.000f last Contact: 782718278 ou 764823888","Dakar","2008 Peugeot 206","https://www.gaaraas.com/fr/users/dakar-auto?page=7"
"1786243712-103","https://www.gaaraas.com/fr/users/dakar-auto?page=2","2007 Peugeot 807","2007 Peugeot 807","CFA 2 800 000","160 000 km","807 manuel dièsel 7 place lep diam Prix: 2.800.000f last Contact: 782718278 ou 764823888","Dakar","2007 Peugeot 807","https://www.gaaraas.com/fr/users/dakar-auto?page=7"
"1786243712-104","https://www.gaaraas.com/fr/users/dakar-auto?page=2","2008 Peugeot 307","2008 Peugeot 307","CFA 2 500 000","128 000 km","307 essence manuel. Km 128.000 / Prix: 2.500.000f. Contact: 782718278 ou 764823888","Dakar","2008 Peugeot 307","https://www.gaaraas.com/fr/users/dakar-auto?page=7"
"1786243712-105","https://www.gaaraas.com/fr/users/dakar-auto?page=2","2008 Land Rover Range Rover Sport","2008 Land Rover Range Rover Sport","CFA 6 000 000","130 000 km","Wanter Range rover Sport / essence automatique annee 2008 / 4cylindres. Prix: 6 millions. Contact Appel ou Whatsapp: 782718278 ou 764823888","Dakar","2008 Land Rover Range Rover Sport","https://www.gaaraas.com/fr/users/dakar-auto?page=7"
"1786243712-106","https://www.gaaraas.com/fr/users/dakar-auto?page=2","2007 Honda Civic","2007 Honda Civic","CFA 2 300 000","180 000 km","Honda civic / automatique essence/ annee 2007. Prix: 2 millions. Contact: 782718278 ou 764823888","Dakar","2007 Honda Civic","https://www.gaaraas.com/fr/users/dakar-auto?page=7"
"1786243712-107","https://www.gaaraas.com/fr/users/dakar-auto?page=2","2007 Renault Laguna","2007 Renault Laguna","CFA 2 000 000","160 000 km","MARQUE: RENAULT LAGUNA - DIESEL - 2007 Vehicule en bon état Tous les papiers en règle: Carte Grise + Licence + Visite Technique jusqu'à fin AVRIL 2019. PRIX non négociable: 2 millions Contact: 782718278 ou 764823888","Dakar","2007 Renault Laguna","https://www.gaaraas.com/fr/users/dakar-auto?page=7"
"1786243712-108","https://www.gaaraas.com/fr/users/dakar-auto?page=2","2009 Nissan Rogue","2009 Nissan Rogue","CFA 5 500 000","160 000 km","Wanter Nissan Rogue en excellent etat/Essence automatique/ Annee: 2011/ PriX: 5.500.000f Contact: 782718278 ou 764823888","Dakar","2009 Nissan Rogue","https://www.gaaraas.com/fr/users/dakar-auto?page=7"
"1786243712-109","https://www.gaaraas.com/fr/users/dakar-auto?page=2","2011 Ford Edge","2011 Ford Edge","CFA 10 000 000","105 000 km","Vente Ford Edge sport 2011 AWD, venant full options, toit panoramique, excellent moteur puissant/ détails : grand écran tactile / clé let's go/ déverrouillage à la paume, etc. / essence automatique/ 105.000 km/ climatisée. Prix ferme : 10 millions Contact appel ou WhatsApp :","Dakar","2011 Ford Edge","https://www.gaaraas.com/fr/users/dakar-auto?page=7"
"1786243712-110","https://www.gaaraas.com/fr/users/dakar-auto?page=2","2002 Renault 19","2002 Renault 19","CFA 2 100 000","160 000 km","A bazarder R19 tres propre/Diesel Manuel. Prix last: 2.100.000f Contact: 782718278 ou 764823888","Dakar","2002 Renault 19","https://www.gaaraas.com/fr/users/dakar-auto?page=7"
"1786243712-111","https://www.gaaraas.com/fr/users/dakar-auto?page=2","2010 BMW X1","2010 BMW X1","CFA 3 700 000","150 000 km","Marque brillance Bs4 venant d'Allemagne année 2010 kilométrage 150 000 / Essence / Automatique /déjà dedouane. Pix: 3.700.000f Contact: 782718278 ou 764823888","Dakar","2010 BMW X1","https://www.gaaraas.com/fr/users/dakar-auto?page=7"
"1786243712-112","https://www.gaaraas.com/fr/users/dakar-auto?page=2","2006 Citroen C4","2006 Citroen C4","CFA 2 200 000","160 000 km","Citroen C4 diesel ⛽ manuel / Annee: 2006 en bon état propre moteur nickel propre plaque BA *Prix last : 2.200.000 Fr* Contact: 782718278 ou 764823888","Dakar","2006 Citroen C4","https://www.gaaraas.com/fr/users/dakar-auto?page=7"
"1786243712-113","https://www.gaaraas.com/fr/users/dakar-auto?page=2","2007 Citroen C4","2007 Citroen C4","CFA 2 100 000","160 000 km","A bazarder Citroen C4 manuel diesel 2007, moteur Dv6. Prix last: 2.100.000f Contact: 782718278 ou 764823888","Dakar","2007 Citroen C4","https://www.gaaraas.com/fr/users/dakar-auto?page=7"
"1786243712-114","https://www.gaaraas.com/fr/users/dakar-auto?page=2","2012 Skoda Octavia","2012 Skoda Octavia","CFA 3 500 000","147 000 km","Skoda Octavia venant sous Douane / Diesel Manuel/ moins de 150.000km/ annee 2012 / Prix: 3,5 millions Contact: 782718278 ou 764823888","Dakar","2012 Skoda Octavia","https://www.gaaraas.com/fr/users/dakar-auto?page=7"
"1786243712-115","https://www.gaaraas.com/fr/users/dakar-auto?page=2","2007 Citroen Berlingo","2007 Citroen Berlingo","CFA 2 000 000","140 000 km","Wanter du jour Citroën Berlingo diesel manuel. Prix last: 2 millions Contact Appel ou Whatsapp: 782718278 ou 764823888","Dakar","2007 Citroen Berlingo","https://www.gaaraas.com/fr/users/dakar-auto?page=7"
"1786243712-116","https://www.gaaraas.com/fr/users/dakar-auto?page=2","2008 Citroen Berlingo","2008 Citroen Berlingo","CFA 2 300 000","160 000 km","Wanter Citroen Berlingo 2 portes /Diesel Manuel/ Annee: 2008. Interieur et exterieur tres propre. Prix last: 2.300.000f Contact: 782718278 ou 764823888","Dakar","2008 Citroen Berlingo","https://www.gaaraas.com/fr/users/dakar-auto?page=7"
"1786243712-117","https://www.gaaraas.com/fr/users/dakar-auto?page=2","2008 Toyota Corolla","2008 Toyota Corolla","CFA 3 300 000","140 000 km","Très jolie et propre extérieur comme intérieur Toyota Corolla année 2008 manuelle diésel dernier prix 3.000.000 fcfa Contact: 782718278 ou 764823888","Dakar","2008 Toyota Corolla","https://www.gaaraas.com/fr/users/dakar-auto?page=7"
"1786243712-118","https://www.gaaraas.com/fr/users/dakar-auto?page=2","2010 Peugeot 207","2010 Peugeot 207","CFA 3 200 000","144 410 km","207 Essence manuel année 2010/ 144.410 km / prix 3200000f Contact:782718278 ou 764823888","Dakar","2010 Peugeot 207","https://www.gaaraas.com/fr/users/dakar-auto?page=7"
"1786243712-119","https://www.gaaraas.com/fr/users/dakar-auto?page=2","2010 Mazda 6","2010 Mazda 6","CFA 4 000 000","182 000 km","Vente Mazda 6 Climatisé/ Essence automatique faible consommation /Toit ouvran/ tres propre/ Annee:2010 / 182.000km/ papier complet Prix last: 4 millions Contact Appel ou Whatsapp: 782718278 ou 764823888","Dakar","2010 Mazda 6","https://www.gaaraas.com/fr/users/dakar-auto?page=7"
"1786243712-120","https://www.gaaraas.com/fr/users/dakar-auto?page=2","2007 Peugeot 307","2007 Peugeot 307","CFA 2 300 000","137 000 km","307 essence manuel 2007/ 137000km / prix : 2.300.000 Contact: 782718278 ou 764823888","Dakar","2007 Peugeot 307","https://www.gaaraas.com/fr/users/dakar-auto?page=7"
"1786243715-121","https://www.gaaraas.com/fr/users/dakar-auto?page=2","2004 Renault Laguna","2004 Renault Laguna","CFA 2 000 000","160 000 km","Laguna Type2 / Diesel manuel /2004/ 4cylindres/moteur electronique propre. Prix: 2 millions Contact: 782718278 ou 764823888","Dakar","2004 Renault Laguna","https://www.gaaraas.com/fr/users/dakar-auto?page=8"
"1786243715-122","https://www.gaaraas.com/fr/users/dakar-auto?page=2","2008 Peugeot 308","2008 Peugeot 308","CFA 3 300 000","120 000 km","Peugeot 308 Break 7places/ Annee: 2008/ Diesel Manuel/ Prix last: 3.300.000f Contact: 782718278 ou 764823888","Dakar","2008 Peugeot 308","https://www.gaaraas.com/fr/users/dakar-auto?page=8"
"1786243715-123","https://www.gaaraas.com/fr/users/dakar-auto?page=2","2004 Mercedes‒Benz 250","2004 Mercedes‒Benz 250","CFA 1 900 000","160 000 km","Wanter urgent pour 24h!! Mercedes 250 tres propre,aucun probleme/Diesel Manuel. Prix last: 1.900.000f Contact Appel ou Whatsapp: 782718278 ou 764823888","Dakar","2004 Mercedes‒Benz 250","https://www.gaaraas.com/fr/users/dakar-auto?page=8"
"1786243715-124","https://www.gaaraas.com/fr/users/dakar-auto?page=2","2013 Nissan Qashqai+2","2013 Nissan Qashqai+2","CFA 6 500 000","101 000 km","A bazarder Nissan Qashqai +2 climatisé avec Carbotage venant en excellent etat / 7 places/ Diesel Manuel/ 101.000km/Annee: 2013. Prix Wanter: 6.500.000 f Contact: 782718278 ou 764823888","Dakar","2013 Nissan Qashqai+2","https://www.gaaraas.com/fr/users/dakar-auto?page=8"
"1786243715-125","https://www.gaaraas.com/fr/users/dakar-auto?page=2","2011 Ford Escape","2011 Ford Escape","CFA 4 300 000","130 000 km","Wanter du jour!! ford Escape / essence otomatik climatisé très bien entretenu / 4 cylindres. prix last: 4.300.000f Contact Appel ou Whatsapp: 782718278 ou 764823888","Dakar","2011 Ford Escape","https://www.gaaraas.com/fr/users/dakar-auto?page=8"
"1786243715-126","https://www.gaaraas.com/fr/users/dakar-auto?page=2","2007 Peugeot 307","2007 Peugeot 307","CFA 2 100 000","90 000 km","307 essence manuel climatisé/Annee: 2007/ Prix: 2.700.000f Prix: 782718278 ou 764823888","Dakar","2007 Peugeot 307","https://www.gaaraas.com/fr/users/dakar-auto?page=8"
"1786243715-127","https://www.gaaraas.com/fr/users/dakar-auto?page=2","2013 Hyundai Elantra","2013 Hyundai Elantra","CFA 5 800 000","21 000 km","Vente Hyundai Elantra Venant Année 2013 Moteur essence Transmission automatique Kilométrage 21.000km Full option, camera de recule ,toit ouvrant,commande au volant Prix last: 5.800.000f Contact Appel ou Whatsapp:782718278 ou 764823888","Dakar","2013 Hyundai Elantra","https://www.gaaraas.com/fr/users/dakar-auto?page=8"
"1786243715-128","https://www.gaaraas.com/fr/users/dakar-auto?page=2","2012 Mitsubishi Endeavor","2012 Mitsubishi Endeavor","CFA 4 300 000","100 000 km","A bazarder Mitsubishi Endeavor climatisé venant 2012 Essence Automatique 6 cylindres Deja dédouane Prix: 4.300.000f Contact Appel ou Whatsapp: 782718278 ou 764823888","Dakar","2012 Mitsubishi Endeavor","https://www.gaaraas.com/fr/users/dakar-auto?page=8"
"1786243715-129","https://www.gaaraas.com/fr/users/dakar-auto?page=2","2011 Peugeot 508","2011 Peugeot 508","CFA 5 500 000","179 000 km","Peugeot 508 Diesel automatique/ Annee: 2011. 179000 km. Prix: 5.500.000f Contact: 782718278 ou 764823888","Dakar","2011 Peugeot 508","https://www.gaaraas.com/fr/users/dakar-auto?page=8"
"1786243715-130","https://www.gaaraas.com/fr/users/dakar-auto?page=2","2006 Citroen C3","2006 Citroen C3","CFA 1 900 000","160 000 km","Wanter Citroën c3 tres Propre Année 2006 Diesel manuel Climatisé Conduite par une dame Voiture très propre comme sur les photos Prix :1.900.000 Contact Appel ou Whatsapp: 782718278 ou 764823888","Dakar","2006 Citroen C3","https://www.gaaraas.com/fr/users/dakar-auto?page=8"
"1786243715-131","https://www.gaaraas.com/fr/users/dakar-auto?page=2","2007 Renault Scenic","2007 Renault Scenic","CFA 1 950 000","160 000 km","A bazarder Renault Scenic tres propre/ Diesel Manuel/ Annee: 2007. Prix last: 1.950.000f Contact: 782718278 ou 764823888","Dakar","2007 Renault Scenic","https://www.gaaraas.com/fr/users/dakar-auto?page=8"
"1786243715-132","https://www.gaaraas.com/fr/users/dakar-auto?page=2","2009 Citroen Nemo","2009 Citroen Nemo","CFA 2 400 000","160 000 km","A Bazarder Citroen Nemo tres propre / Annee 2009 mise en circulation en 2018/Diesel Manuel. Prix last: 2.400.000f Contact: 782718278 ou 764823888","Dakar","2009 Citroen Nemo","https://www.gaaraas.com/fr/users/dakar-auto?page=8"
"1786243715-133","https://www.gaaraas.com/fr/users/dakar-auto?page=2","2006 Peugeot 407","2006 Peugeot 407","CFA 2 300 000","291 000 km","A bazarder Peugeot 407 climatisé/ diesel manuel/ 291.000km/ annee: 2006. Prix:2.300.000f Contact:782718278 ou 764823888","Dakar","2006 Peugeot 407","https://www.gaaraas.com/fr/users/dakar-auto?page=8"
"1786243715-134","https://www.gaaraas.com/fr/users/dakar-auto?page=2","2010 Nissan Versa","2010 Nissan Versa","CFA 2 500 000","120 000 km","Nissan Versa en excellebt etat/ automatique essence année 2010 tous les papier en règle. Prix last: 2.500.000f Contact: 782718278 ou 764823888","Dakar","2010 Nissan Versa","https://www.gaaraas.com/fr/users/dakar-auto?page=8"
"1786243715-135","https://www.gaaraas.com/fr/users/dakar-auto?page=2","2005 Renault Scenic","2005 Renault Scenic","CFA 1 500 000","180 000 km","Wanter du siecle!! Renault Scenic /Diesel Manuel/ Annee: 2005. Prix last: 1.500.000f Contact: 782718278 ou 764823888","Dakar","2005 Renault Scenic","https://www.gaaraas.com/fr/users/dakar-auto?page=8"
"1786243715-136","https://www.gaaraas.com/fr/users/dakar-auto?page=2","2006 Renault Megane","2006 Renault Megane","CFA 1 800 000","160 000 km","Wanter Megane Z Diesel Manuel/ Annee: 2006. Prix: 1.800.000f Contact: 782718278 ou 764823888","Dakar","2006 Renault Megane","https://www.gaaraas.com/fr/users/dakar-auto?page=8"
"1786243715-137","https://www.gaaraas.com/fr/users/dakar-auto?page=2","2007 Peugeot 407","2007 Peugeot 407","CFA 2 600 000","180 000 km","407 / Annee: 2007 diesel manuel/ Climatisé. bon état moteur papier complet Prix: 2.600.000f Contact: 782718278 ou 764823888","Dakar","2007 Peugeot 407","https://www.gaaraas.com/fr/users/dakar-auto?page=8"
"1786243715-138","https://www.gaaraas.com/fr/users/dakar-auto?page=2","2000 Mercedes‒Benz 190","2000 Mercedes‒Benz 190","CFA 2 400 000","160 000 km","Wanter vite fais!! Taxi Mercedes 190/ Diesel manuel. Prix: 2.400.000f last Contact appel ou Whatsapp: 782718278 ou 764823888","Dakar","2000 Mercedes‒Benz 190","https://www.gaaraas.com/fr/users/dakar-auto?page=8"
"1786243715-139","https://www.gaaraas.com/fr/users/dakar-auto?page=2","2012 Renault Kangoo","2012 Renault Kangoo","CFA 4 500 000","264 127 km","Vente Renault Kangoo / Diesel Manuel/ 264127 km / Annee: 2012. Prix: 4.500.000f Contact: 782718278 ou 764823888","Dakar","2012 Renault Kangoo","https://www.gaaraas.com/fr/users/dakar-auto?page=8"
"1786243715-140","https://www.gaaraas.com/fr/users/dakar-auto?page=2","2007 Hyundai Accent","2007 Hyundai Accent","CFA 1 700 000","","Hyundai essence manuel en bon état lépp nickel papier complet Prix 1.700.000frs Contact: 782718278 ou 764823888","Dakar","2007 Hyundai Accent","https://www.gaaraas.com/fr/users/dakar-auto?page=8"
"1786243718-141","https://www.gaaraas.com/fr/users/dakar-auto?page=2","2010 Renault Clio","2010 Renault Clio","CFA 2 700 000","120 000 km","Clio 3 Annee 2010 Carburant diesel 4 cylindre Aucun probleme Prix: 2.700.000f Contact: 782718278 ou 764823888","Dakar","2010 Renault Clio","https://www.gaaraas.com/fr/users/dakar-auto?page=9"
"1786243718-142","https://www.gaaraas.com/fr/users/dakar-auto?page=2","2008 Dacia Logan","2008 Dacia Logan","CFA 3 000 000","160 000 km","Dacia Logan 7 places/Annee: 2008/ Diesel manuel. En parfait etat! Prix last: 3 millions Contact: 782718278 ou 764823888","Dakar","2008 Dacia Logan","https://www.gaaraas.com/fr/users/dakar-auto?page=9"
"1786243718-143","https://www.gaaraas.com/fr/users/dakar-auto?page=2","2007 Renault Laguna","2007 Renault Laguna","CFA 1 400 000","180 000 km","Wanter Renault Laguna papiers complet Annee 2007/ diesel Manuel/ Prix last: 1.400.000f. Contact: 782718278 ou 764823888","Dakar","2007 Renault Laguna","https://www.gaaraas.com/fr/users/dakar-auto?page=9"
"1786243718-144","https://www.gaaraas.com/fr/users/dakar-auto?page=2","2011 Peugeot 3008","2011 Peugeot 3008","CFA 6 500 000","","Peugeot 3008 venant / Diesel Manuel 2011/ 233045km. Prix: 6.500.000f Contact: 782718278 ou 764823888","Dakar","2011 Peugeot 3008","https://www.gaaraas.com/fr/users/dakar-auto?page=9"
"1786243718-145","https://www.gaaraas.com/fr/users/dakar-auto?page=2","2008 Peugeot 307","2008 Peugeot 307","CFA 2 200 000","160 000 km","A Bazarder 307 essence manuel Tout intact / annee 2008. Prix last: 2.200.000f Contact: 782718278 ou 764823888","Dakar","2008 Peugeot 307","https://www.gaaraas.com/fr/users/dakar-auto?page=9"
"1786243718-146","https://www.gaaraas.com/fr/users/dakar-auto?page=2","2008 Citroen C3","2008 Citroen C3","CFA 2 000 000","200 000 km","Citroen C3/Diesel Manuel/ Annee: 2008. Prix: 2 millions Contact: 782718278 ou 764823888","Dakar","2008 Citroen C3","https://www.gaaraas.com/fr/users/dakar-auto?page=9"
"1786243718-147","https://www.gaaraas.com/fr/users/dakar-auto?page=2","2010 Citroen C4","2010 Citroen C4","CFA 2 200 000","289 983 km","A bazarder Citroen C4 climatisé/ 7places / Diesel Manuel/ 289983km / annee: 2010. Prix: 2.200.000f Contact: 782718278 ou 764823888","Dakar","2010 Citroen C4","https://www.gaaraas.com/fr/users/dakar-auto?page=9"
"1786243718-148","https://www.gaaraas.com/fr/users/dakar-auto?page=2","2009 Opel Astra","2009 Opel Astra","CFA 1 500 000","160 000 km","A bazarder Opel/ Diesel Manuel/ Annee: 2009. Prix: 1.500.000f Contact: 782718278 ou 764823888","Dakar","2009 Opel Astra","https://www.gaaraas.com/fr/users/dakar-auto?page=9"
"1786243718-149","https://www.gaaraas.com/fr/users/dakar-auto?page=2","2000 Renault 17","2000 Renault 17","CFA 6 000 000","160 000 km","A bazarder Camion Renault papiers complet aucun probleme/ Diesel manuel. Prix Cadeau: 6 millions Contact Appel ou Whatsapp: 782718278 ou 764823888","Dakar","2000 Renault 17","https://www.gaaraas.com/fr/users/dakar-auto?page=9"
"1786243718-150","https://www.gaaraas.com/fr/users/dakar-auto?page=2","2008 Mazda 2","2008 Mazda 2","CFA 1 100 000","140 000 km","A cause d'un accident! A bazarder Mazda 2 tres propre/Annee 2008/ essence Manuel. A prevoir reparation parabrise/parechoc avant/ Tolerie...etc Prix bazard: 1.100.000f Contact: 782718278 ou 764823888","Dakar","2008 Mazda 2","https://www.gaaraas.com/fr/users/dakar-auto?page=9"
"1786243718-151","https://www.gaaraas.com/fr/users/dakar-auto?page=2","2007 Peugeot 307","2007 Peugeot 307","CFA 2 200 000","160 000 km","Peugeot 307 en excellent etat/ Diesel Manuel/ Climatisé. Prix last: 2.200.000f Contact: 782718278 ou 764823888","Dakar","2007 Peugeot 307","https://www.gaaraas.com/fr/users/dakar-auto?page=9"
"1786243718-152","https://www.gaaraas.com/fr/users/dakar-auto?page=2","2006 Hyundai Sonata","2006 Hyundai Sonata","CFA 2 000 000","140 000 km","🚨Wanterr🚨Hyundai Sonata 2006 Automatique Essence moteur d’origine nickel Papier en régles et vous bénéficiez d’un an d’assurance et d’un an de visite technique Prix: 👉 2 millions last👉 Contact Appel ou whatsapp: 764823888 ou 782718278","Dakar","2006 Hyundai Sonata","https://www.gaaraas.com/fr/users/dakar-auto?page=9"
"1786243718-153","https://www.gaaraas.com/fr/users/dakar-auto?page=2","2006 Peugeot 406","2006 Peugeot 406","CFA 2 500 000","160 000 km","Wanter Peugeot 406 / Diesel Manuel. Prix last: 2.500.000f Contact: 782718278 ou 764823888","Dakar","2006 Peugeot 406","https://www.gaaraas.com/fr/users/dakar-auto?page=9"
"1786243718-154","https://www.gaaraas.com/fr/users/dakar-auto?page=2","2010 Hyundai Tucson","2010 Hyundai Tucson","CFA 4 200 000","79 044 km","Hyundai tucson essence manuelle année 2010. Premier main acheté 0km à matforce. Etat comme neuf 79 044 km. full options: interieur tissu, clim, airbag, lecture radio cd grand écran, system abs jantes, alu vitres électrique. Voiture propre et en bon état. Prix: 4.200.000f Contact: 782718278 ou 764823888","Dakar","2010 Hyundai Tucson","https://www.gaaraas.com/fr/users/dakar-auto?page=9"
"1786243718-155","https://www.gaaraas.com/fr/users/dakar-auto?page=2","1989 Mercedes‒Benz 190","1989 Mercedes‒Benz 190","CFA 1 900 000","160 000 km","Wanter Mercedes 190/ Diesel Manuel/ Papiers complets. Prix: 1.900.000f Contact: 782718278 ou 764823888","Dakar","1989 Mercedes‒Benz 190","https://www.gaaraas.com/fr/users/dakar-auto?page=9"
"1786243718-156","https://www.gaaraas.com/fr/users/dakar-auto?page=2","2009 Chrysler Sebring","2009 Chrysler Sebring","CFA 2 000 000","99 000 km","Wanter Chrysler Sebring automatique essence année 2009 km99800 a 2 millions last. Contact Appel ou Whatsapp: 782718278 ou 764823888","Dakar","2009 Chrysler Sebring","https://www.gaaraas.com/fr/users/dakar-auto?page=9"
"1786243718-157","https://www.gaaraas.com/fr/users/dakar-auto?page=2","2010 Toyota Camry","2010 Toyota Camry","CFA 4 500 000","110 000 km","Toyota camry en excellent Etat. Année 2011. Essence automatique. 4 cylindres Prix: 4.500.000F Contact: 782718278 ou 764823888","Dakar","2010 Toyota Camry","https://www.gaaraas.com/fr/users/dakar-auto?page=9"
"1786243718-158","https://www.gaaraas.com/fr/users/dakar-auto?page=2","2010 Skoda Octavia","2010 Skoda Octavia","CFA 2 600 000","160 000 km","SKODA Octavia année 2010 diesel climatisé, intérieur cuir, venant d'Espagne. Prix 2600000 FRCS cfa last Contact: 782718278 ou 764823888","Dakar","2010 Skoda Octavia","https://www.gaaraas.com/fr/users/dakar-auto?page=9"
"1786243718-159","https://www.gaaraas.com/fr/users/dakar-auto?page=2","2013 Hyundai Sonata","2013 Hyundai Sonata","CFA 5 200 000","92 000 km","Wanter Hyundai Sonata 2013 automatic 92000km essence Prix fixe: 5,2 millions Contact Appel ou whatsapp: 782718278 ou 764823888.","Dahra","2013 Hyundai Sonata","https://www.gaaraas.com/fr/users/dakar-auto?page=9"
"1786243718-160","https://www.gaaraas.com/fr/users/dakar-auto?page=2","2010 Toyota Corolla","2010 Toyota Corolla","CFA 3 500 000","88 997 km","Toyota Corrola 2010/ Diesel manuel/ 88997km/ Prix: 3.500.000f Contact: 782718278 ou 764823888","Dakar","2010 Toyota Corolla","https://www.gaaraas.com/fr/users/dakar-auto?page=9"
"1786243721-161","https://www.gaaraas.com/fr/users/dakar-auto?page=2","2009 Peugeot 308","2009 Peugeot 308","CFA 2 600 000","120 000 km","Wantér 308 essence manuel climatisée 2009 mitasion 4/8/2011. Prix: 2.600.000f Contact Appel ou Whatsapp: 782718278 ou 764823888","Dakar","2009 Peugeot 308","https://www.gaaraas.com/fr/users/dakar-auto?page=10"
"1786243721-162","https://www.gaaraas.com/fr/users/dakar-auto?page=2","2008 Toyota Avensis","2008 Toyota Avensis","CFA 2 500 000","160 000 km","A bazarder Toyota Avensis / Diesel Manuel/ annee: 2008 / Volant a Droite. Prix: 2.500.000f Contact: 782718278 ou 764823888","Dakar","2008 Toyota Avensis","https://www.gaaraas.com/fr/users/dakar-auto?page=10"
"1786243721-163","https://www.gaaraas.com/fr/users/dakar-auto?page=2","2007 Toyota Corolla","2007 Toyota Corolla","CFA 4 300 000","235 000 km","Vente Toyota Corrola D4D Moteur Chaine Climatisée avec Camera de Recul/Diesel Manuel / Annee:2007/ 235209km/Visite technique jusqu'en 2020. Prix: 4.300.000f Contact: 782718278 ou 764823888.","Dakar","2007 Toyota Corolla","https://www.gaaraas.com/fr/users/dakar-auto?page=10"
"1786243721-164","https://www.gaaraas.com/fr/users/dakar-auto?page=2","2005 Volkswagen Golf","2005 Volkswagen Golf","CFA 2 200 000","180 000 km","A Bazarder Golf4 /Diesel Manuel/ Annee: 2005. Prix: 2.200.000f Contact: 782718278 ou 764823888","Dakar","2005 Volkswagen Golf","https://www.gaaraas.com/fr/users/dakar-auto?page=10"
"1786243721-165","https://www.gaaraas.com/fr/users/dakar-auto?page=2","2002 Renault 21","2002 Renault 21","CFA 2 200 000","160 000 km","R21 Propre/ Diesel Manuel. Prix last: 2.200.000f Contact: 782718278 ou 764823888","Dakar","2002 Renault 21","https://www.gaaraas.com/fr/users/dakar-auto?page=10"
"1786243721-166","https://www.gaaraas.com/fr/users/dakar-auto?page=2","2006 Toyota Avensis","2006 Toyota Avensis","CFA 1 600 000","186 000 km","A bazarder Toyota Avensis petit probleme de moteur/ Diesel manuel/ Annee: 2006. Prix wanter: 1.600.000f Contact: 782718278 ou 764823888","Dakar","2006 Toyota Avensis","https://www.gaaraas.com/fr/users/dakar-auto?page=10"
"1786243721-167","https://www.gaaraas.com/fr/users/dakar-auto?page=2","2007 Toyota Verso","2007 Toyota Verso","CFA 2 500 000","313 000 km","Toyota Corolla verso moteur chaîne diesel papier complet visite technique valable 2020/ 313050km/ Annee:2007/ 6 places d'Origine. Prix last: 2.500.000f Contact Appel ou Whatsapp: 764823888 ou 782718278","Dakar","2007 Toyota Verso","https://www.gaaraas.com/fr/users/dakar-auto?page=10"
"1786243721-168","https://www.gaaraas.com/fr/users/dakar-auto?page=2","2007 Renault Safrane","2007 Renault Safrane","CFA 2 200 000","160 000 km","Wanter Renault Safrane en bon etat/ Diesel Manuel. Prix: 1700000 Contact: 782718278 ou 764823888","Dakar","2007 Renault Safrane","https://www.gaaraas.com/fr/users/dakar-auto?page=10"
"1786243721-169","https://www.gaaraas.com/fr/users/dakar-auto?page=2","2008 Renault Scenic","2008 Renault Scenic","CFA 2 000 000","130 000 km","Renault scénic Diesel Manuel Année 2008 Prix: 2 millions. Contact Appel ou Whatsapp: 782718278 ou 764823888.","Dakar","2008 Renault Scenic","https://www.gaaraas.com/fr/users/dakar-auto?page=10"
"1786243721-170","https://www.gaaraas.com/fr/users/dakar-auto?page=2","2008 Chery A113","2008 Chery A113","CFA 1 700 000","79 000 km","Chery QQ /Essence manuel climatisée ANNÉE 2008 79000kms Prix: 1.700.000f Contact: 782718278 ou 764823888","Dakar","2008 Chery A113","https://www.gaaraas.com/fr/users/dakar-auto?page=10"
"1786243721-171","https://www.gaaraas.com/fr/users/dakar-auto?page=2","2007 Renault Clio","2007 Renault Clio","CFA 1 750 000","120 000 km","Offre du jour clio2 diesel manuel / Annee: 2007/climatisé très propre moteur et organe nickel papier en règle prix: 1.750.000f Contact Appel ou Whatsapp: 782718278 ou 764823888.","Dakar","2007 Renault Clio","https://www.gaaraas.com/fr/users/dakar-auto?page=10"
"1786243721-172","https://www.gaaraas.com/fr/users/dakar-auto?page=2","2009 Renault Megane","2009 Renault Megane","CFA 3 300 000","233 200 km","Renault Megane 3/ Diesel Manuel/ 233200km/ annee: 2009. Prix: 3.200.000f Contact: 782718278 ou 764823888","Dakar","2009 Renault Megane","https://www.gaaraas.com/fr/users/dakar-auto?page=10"
"1786243721-173","https://www.gaaraas.com/fr/users/dakar-auto?page=2","2012 Peugeot 508","2012 Peugeot 508","CFA 4 700 000","102 220 km","Peugeot 508 sw 2012 Diesel manuelle 6 vitesses mutation récente 102220km propre intérieur extérieur moteur impeccable. prix Wanter: 4.700 000f Contact: 782718278 ou 764823888","Dakar","2012 Peugeot 508","https://www.gaaraas.com/fr/users/dakar-auto?page=10"
"1786243721-174","https://www.gaaraas.com/fr/users/dakar-auto?page=2","2007 Citroen C4","2007 Citroen C4","CFA 2 200 000","160 000 km","A Bazarder Citroen Berlingo / Diesel Manuel. Prix last: 2.200.000f Contact: 782718278 ou 764823888","Dakar","2007 Citroen C4","https://www.gaaraas.com/fr/users/dakar-auto?page=10"
"1786243721-175","https://www.gaaraas.com/fr/users/dakar-auto?page=2","2008 Peugeot 308","2008 Peugeot 308","CFA 2 800 000","160 000 km","PEUGEOT 308/ MANUEL DIÈSEL RIEN À SIGNALER MACHALA PRIX 2.8 MiLLION LAST Contact Appel ou whatsapp: 782718278 ou 764823888","Dakar","2008 Peugeot 308","https://www.gaaraas.com/fr/users/dakar-auto?page=10"
"1786243721-176","https://www.gaaraas.com/fr/users/dakar-auto?page=2","2007 Toyota Yaris","2007 Toyota Yaris","CFA 2 700 000","180 000 km","Yaris/diesel manuel/ annee: 2007. Prix last: 2.700.000f","Dakar","2007 Toyota Yaris","https://www.gaaraas.com/fr/users/dakar-auto?page=10"
"1786243721-177","https://www.gaaraas.com/fr/users/dakar-auto?page=2","2011 Nissan Juke","2011 Nissan Juke","CFA 5 500 000","157 000 km","Nissan juke 2011/ Venant d'Italie/ diesel manuel sous douane / 157000km/ Prix: 5.500.000f Contact: 782718278 ou 764823888","Dakar","2011 Nissan Juke","https://www.gaaraas.com/fr/users/dakar-auto?page=10"
"1786243721-178","https://www.gaaraas.com/fr/users/dakar-auto?page=2","2007 Ford Focus","2007 Ford Focus","CFA 2 700 000","100 000 km","Wanter Ford focus Venant climatisé en excellent etat/ Essence automatique/ Annee: 2007. Prix: 2.700.000f Contact Appel ou Whatsapp: 782718278 ou 764823888.","Dakar","2007 Ford Focus","https://www.gaaraas.com/fr/users/dakar-auto?page=10"
"1786243721-179","https://www.gaaraas.com/fr/users/dakar-auto?page=2","2010 Toyota Corolla","2010 Toyota Corolla","CFA 3 200 000","90 000 km","Toyota corrola 2010..gasoil manuelle! Clim a prevoir. Prix: 3.200.000 fcfa Contact: 782718278 ou 764823888","Dakar","2010 Toyota Corolla","https://www.gaaraas.com/fr/users/dakar-auto?page=10"
"1786243721-180","https://www.gaaraas.com/fr/users/dakar-auto?page=2","2007 Mercedes‒Benz 190","2007 Mercedes‒Benz 190","CFA 2 900 000","160 000 km","A bazarder Mercedes 180/ Essence automatique/ 4 Cylindres. Prix: 2.900.000f Contact: 771873537 / 782718278 ou 764823888","Dakar","2007 Mercedes‒Benz 190","https://www.gaaraas.com/fr/users/dakar-auto?page=10"
"1786243724-181","https://www.gaaraas.com/fr/users/dakar-auto?page=2","2010 Nissan Rogue","2010 Nissan Rogue","CFA 8 500 000","84 500 km","Nissan rogue année 2010 boîte automatique essence: Kilométrage 84500, le dernier prix est: 8.500.000f Contact: 782718278 ou 764823888","Dakar","2010 Nissan Rogue","https://www.gaaraas.com/fr/users/dakar-auto?page=11"
"1786243724-182","https://www.gaaraas.com/fr/users/dakar-auto?page=2","2005 Hyundai Santa Fe","2005 Hyundai Santa Fe","CFA 3 500 000","300 000 km","Hyundai santa fée manuel diesel année 2005 version 4x4 climatisé km 312805 avec plaque DK AK. Prix: 3.500.000f 🇸🇳 kou yekh niak 💰💰💰💰💰 Contact: 782718278 ou 764823888","Dakar","2005 Hyundai Santa Fe","https://www.gaaraas.com/fr/users/dakar-auto?page=11"
"1786243724-183","https://www.gaaraas.com/fr/users/dakar-auto?page=2","2015 Ford Focus","2015 Ford Focus","CFA 5 800 000","29 000 km","Wanter Ford focus 2015 titanium full option/ Climatisée/ automatique essence / 29000km / camera de recul bluetooth wifi lecteur syn baffle sony. Prix Kheweul: 5.800.000f Contact Appel ou Whatsapp:764823888 ou 782718278","Dakar","2015 Ford Focus","https://www.gaaraas.com/fr/users/dakar-auto?page=11"
"1786243724-184","https://www.gaaraas.com/fr/users/dakar-auto?page=2","2010 Peugeot 807","2010 Peugeot 807","CFA 4 800 000","160 000 km","A bazarder Peugeot 807 Break 7places/Diesel Manuel/ Annee: 2010. Prix: 4.800.000f Contact: 782718278 ou 764823888","Dakar","2010 Peugeot 807","https://www.gaaraas.com/fr/users/dakar-auto?page=11"
"1786243724-185","https://www.gaaraas.com/fr/users/dakar-auto?page=2","2007 Peugeot 407","2007 Peugeot 407","CFA 2 000 000","110 000 km","Wanter Peugeot 407 en excellent etat/ essence manuel/ Annee: 2007/ plus de 100.000km Prix last: 782718278 ou 764823888","Dakar","2007 Peugeot 407","https://www.gaaraas.com/fr/users/dakar-auto?page=11"
"1786243724-186","https://www.gaaraas.com/fr/users/dakar-auto?page=2","2000 Peugeot 205","2000 Peugeot 205","CFA 1 500 000","160 000 km","Big Wanter,A Bazarder vite fais Peugeot 205/ Diesel Manuel. Prix last: 1.500.000f Contact: 782718278 ou 764823888","Dakar","2000 Peugeot 205","https://www.gaaraas.com/fr/users/dakar-auto?page=11"
"1786243724-187","https://www.gaaraas.com/fr/users/dakar-auto?page=2","2007 Toyota RAV4","2007 Toyota RAV4","CFA 4 000 000","145 000 km","Wanter Toyota rav4 diesel manuelle climatisé / Annee: 2007/ 144.000km en bon état. Prix Wanter: 4 millions Contact Appel ou Whatsapp: 782718278 ou 764823888.","Dakar","2007 Toyota RAV4","https://www.gaaraas.com/fr/users/dakar-auto?page=11"
"1786243724-188","https://www.gaaraas.com/fr/users/dakar-auto?page=2","2008 Peugeot 307","2008 Peugeot 307","CFA 2 000 000","120 000 km","Wanter!! Peugeot 207 diesel manuel climatisé très puissant décapotable. Prix last: 2 millions Contact Appel ou Whatsapp: 782718278 ou 764823888","Dakar","2008 Peugeot 307","https://www.gaaraas.com/fr/users/dakar-auto?page=11"
"1786243724-189","https://www.gaaraas.com/fr/users/dakar-auto?page=2","2006 Renault Scenic","2006 Renault Scenic","CFA 2 200 000","140 000 km","Vente Renault Scenic Tres Propre année 2006 /gasoil /Manuel diesel 6 vitesses. Prix: 2.200.000f Contact Appel ou Whatsapp: 764823888 ou 782718278","Dakar","2006 Renault Scenic","https://www.gaaraas.com/fr/users/dakar-auto?page=11"
"1786243724-190","https://www.gaaraas.com/fr/users/dakar-auto?page=2","2011 Nissan Teana","2011 Nissan Teana","CFA 8 000 000","90 000 km","Nissan Qashqai / essence manuel 2011 / Prix: 8millions Contact: 782718278 ou 764823888","Dakar","2011 Nissan Teana","https://www.gaaraas.com/fr/users/dakar-auto?page=11"
"1786243724-191","https://www.gaaraas.com/fr/users/dakar-auto?page=2","2010 Dacia Sandero","2010 Dacia Sandero","CFA 2 200 000","160 000 km","A bazarder Dacia sandero année 2010 Essence manuel Moteur ordinaire Injection 1.4L faible consommation Prix Last: 2.200.000f Contact: 782718278 ou 764823888","Dakar","2010 Dacia Sandero","https://www.gaaraas.com/fr/users/dakar-auto?page=11"
"1786243724-192","https://www.gaaraas.com/fr/users/dakar-auto?page=2","2008 Lada Niva","2008 Lada Niva","CFA 1 500 000","160 000 km","Wanter Lada 112 climatisé tout intact, Papiers complets/ Essence manuel/ Annee: 2008. Prix: 1.500.000f Contact: 782718278 ou 764823888","Dakar","2008 Lada Niva","https://www.gaaraas.com/fr/users/dakar-auto?page=11"
"1786243724-193","https://www.gaaraas.com/fr/users/dakar-auto?page=2","2009 Dacia Logan","2009 Dacia Logan","CFA 2 800 000","500 000 km","A Bazarder Taxi Dacia logan Nouveau Model/Diesel Manuel/ 500.000km. Prix: 2.800.000f Contact: 782718278 ou 764823888","Dakar","2009 Dacia Logan","https://www.gaaraas.com/fr/users/dakar-auto?page=11"
"1786243724-194","https://www.gaaraas.com/fr/users/dakar-auto?page=2","2003 Peugeot 406","2003 Peugeot 406","CFA 2 400 000","160 000 km","Wanter Des peugeot 406 climatisé venant avec Papiers complet / diesel manuel ou essence dispo a partir de 2.400.000f Contact: 782718278 ou 764823888","Dakar","2003 Peugeot 406","https://www.gaaraas.com/fr/users/dakar-auto?page=11"
"1786243724-195","https://www.gaaraas.com/fr/users/dakar-auto?page=2","2015 Jeep Patriot","2015 Jeep Patriot","CFA 9 500 000","51 200 km","4x4Jeep Patriots venant: année 2015 automatique essence climatisé / 51200 km Prix: 9,5 millions Contact: 782718278 ou 764823888","Dakar","2015 Jeep Patriot","https://www.gaaraas.com/fr/users/dakar-auto?page=11"
"1786243724-196","https://www.gaaraas.com/fr/users/dakar-auto?page=2","2008 Renault Scenic","2008 Renault Scenic","CFA 2 200 000","16 000 km","Vente Renault Scenic Diesel Manuel/ 2008. Prix: 2.200.000f Contact: 782718278 ou 764823888","Dakar","2008 Renault Scenic","https://www.gaaraas.com/fr/users/dakar-auto?page=11"
"1786243724-197","https://www.gaaraas.com/fr/users/dakar-auto?page=2","2011 Ford Escape","2011 Ford Escape","CFA 5 800 000","0 km","Wanter Ford Escape 2011 Venant tres propre climatisé/ Essence automatique/ 4cylindres / 114.000km. Prix last: 5.800.000f Contact Appel ou Whatsapp: 782718278 ou 764823888","Dakar","2011 Ford Escape","https://www.gaaraas.com/fr/users/dakar-auto?page=11"
"1786243724-198","https://www.gaaraas.com/fr/users/dakar-auto?page=2","2007 Toyota RAV4","2007 Toyota RAV4","CFA 5 200 000","120 000 km","Toyota Rav4 / Essence manuel /2007 a 5.200.000f Contact: 782718278 ou 764823888","Dakar","2007 Toyota RAV4","https://www.gaaraas.com/fr/users/dakar-auto?page=11"
"1786243724-199","https://www.gaaraas.com/fr/users/dakar-auto?page=2","2006 Hyundai Tucson","2006 Hyundai Tucson","CFA 4 000 000","298 000 km","Hyundai tucson anné 2006 diesel manuelle 298mille km prix 4.000.000f Contact: 782718278 ou 764823888","Dakar","2006 Hyundai Tucson","https://www.gaaraas.com/fr/users/dakar-auto?page=11"
"1786243724-200","https://www.gaaraas.com/fr/users/dakar-auto?page=2","2007 Citroen C3","2007 Citroen C3","CFA 2 400 000","180 000 km","A Vendre Citroen C3 en Excellent etat/Essence Manuel / Année 2007. Prix last: 2.400.000 f Contact: 782718278 ou 764823888","Dakar","2007 Citroen C3","https://www.gaaraas.com/fr/users/dakar-auto?page=11"
"1786243727-201","https://www.gaaraas.com/fr/users/dakar-auto?page=2","2000 Peugeot 205","2000 Peugeot 205","CFA 1 400 000","160 000 km","Peugeot 205 tres propre/ Essence Manuel. Prix last: 1.400.000f Contact: 782718278 ou 764823888","Dakar","2000 Peugeot 205","https://www.gaaraas.com/fr/users/dakar-auto?page=12"
"1786243727-202","https://www.gaaraas.com/fr/users/dakar-auto?page=2","2005 Peugeot 307","2005 Peugeot 307","CFA 2 100 000","160 000 km","307 diesel manuel papier complet moteur 406 année 2005. Prix: 2.100.000f last CONTACT: 782718278 OU 764823888","Dakar","2005 Peugeot 307","https://www.gaaraas.com/fr/users/dakar-auto?page=12"
"1786243727-203","https://www.gaaraas.com/fr/users/dakar-auto?page=2","2013 Jeep Wrangler","2013 Jeep Wrangler","CFA 20 000 000","100 000 km","Vente Jeep wrangler 2013 4cylindre essence automatique Full option A 20.000.000 Contact: 782718278 ou 764823888","Dakar","2013 Jeep Wrangler","https://www.gaaraas.com/fr/users/dakar-auto?page=12"
"1786243727-204","https://www.gaaraas.com/fr/users/dakar-auto?page=2","2004 Peugeot 406","2004 Peugeot 406","CFA 2 700 000","120 000 km","A Bazarder Peugeot 406 Type 2 en Tres bon etat/ Diesel Manuel 2004/ Prix last: 2.700.000f Contact: 782718278 ou 764823888","Dakar","2004 Peugeot 406","https://www.gaaraas.com/fr/users/dakar-auto?page=12"
"1786243727-205","https://www.gaaraas.com/fr/users/dakar-auto?page=2","1989 Renault 19","1989 Renault 19","CFA 1 500 000","140 000 km","A bazarder R19/ Diesel Manuel. Prix last: 1.500.000f Contact Appel ou Whatsapp: 764823888 ou 782718278","Dakar","1989 Renault 19","https://www.gaaraas.com/fr/users/dakar-auto?page=12"
"1786243727-206","https://www.gaaraas.com/fr/users/dakar-auto?page=2","2010 Toyota RAV4","2010 Toyota RAV4","CFA 9 600 000","180 000 km","Toyota RAV4 / Diesel / Annee: 2010/ automatique, climatisez,6 vitesses, veirroullage central, kilometrage: 180.000 / 9.600.000f Contact:InBox ou 782718278","Dakar","2010 Toyota RAV4","https://www.gaaraas.com/fr/users/dakar-auto?page=12"
"1786243727-207","https://www.gaaraas.com/fr/users/dakar-auto?page=2","2008 Peugeot 308","2008 Peugeot 308","CFA 2 700 000","160 000 km","308 années 2008 diesel manuel kilomètres 160000 bon état prix 2.700.000f Contact: 782718278 ou 764823888","Dakar","2008 Peugeot 308","https://www.gaaraas.com/fr/users/dakar-auto?page=12"
"1786243727-208","https://www.gaaraas.com/fr/users/dakar-auto?page=2","2005 Peugeot 405","2005 Peugeot 405","CFA 1 900 000","120 000 km","Vente Peugeot 405 diesel manuel. Prix: 1.900.000f Contact Appel ou Whatsapp: 782718278 ou 764823888.","Dakar","2005 Peugeot 405","https://www.gaaraas.com/fr/users/dakar-auto?page=12"
"1786243727-209","https://www.gaaraas.com/fr/users/dakar-auto?page=2","2010 Peugeot 308","2010 Peugeot 308","CFA 2 900 000","120 000 km","Big Wanter 308 diesel manuel moteur impect papier complet climatisé année 2010 tout nickel prix 2.900.000 f Contact Appel ou Whatsapp: 771873537 ou 764823888 ou 782718278.","Dakar","2010 Peugeot 308","https://www.gaaraas.com/fr/users/dakar-auto?page=12"
"1786243727-210","https://www.gaaraas.com/fr/users/dakar-auto?page=2","2006 Nissan 200SX","2006 Nissan 200SX","CFA 1 600 000","180 000 km","Nissan gasoil papier complet année 2006 Prix: 1.600.000f Contact: 782718278 ou 764823888","Dakar","2006 Nissan 200SX","https://www.gaaraas.com/fr/users/dakar-auto?page=12"
"1786243727-211","https://www.gaaraas.com/fr/users/dakar-auto?page=2","2011 Mitsubishi L200","2011 Mitsubishi L200","CFA 6 000 000","120 000 km","A bazarder Mitsubishi L200 double Cabine/ diesel manuel climatisé très propre moteur d'origine papier en règle. Prix: 6 millions Contact Appel ou Whatsapp: 782718278 ou 764823888.","Dakar","2011 Mitsubishi L200","https://www.gaaraas.com/fr/users/dakar-auto?page=12"
"1786243727-212","https://www.gaaraas.com/fr/users/dakar-auto?page=2","2006 Citroen Berlingo","2006 Citroen Berlingo","CFA 2 400 000","180 000 km","A Vendre Berlingo/ diesel Manuel/ 178.000km/ 2006 . Prix: 2.400.000f Contact: 782718278 ou 764823888","Dakar","2006 Citroen Berlingo","https://www.gaaraas.com/fr/users/dakar-auto?page=12"
"1786243727-213","https://www.gaaraas.com/fr/users/dakar-auto?page=2","2004 Peugeot 305","2004 Peugeot 305","CFA 1 600 000","128 000 km","wanter 405 bon état / Diesel Manuel/ Prix 1600.000fr Contact: 782718278 ou 764823888","Dakar","2004 Peugeot 305","https://www.gaaraas.com/fr/users/dakar-auto?page=12"
"1786243727-214","https://www.gaaraas.com/fr/users/dakar-auto?page=2","2007 Renault Megane","2007 Renault Megane","CFA 2 700 000","180 000 km","Megane 7 Places/ Diesel manuel climatisée allumage par carte .annee 2007 ,1.5 moteur de 4 cylindres. Prix last: 2.700.000f Contact: 782718278 ou 764823888","Dakar","2007 Renault Megane","https://www.gaaraas.com/fr/users/dakar-auto?page=12"
"1786243727-215","https://www.gaaraas.com/fr/users/dakar-auto?page=2","2012 Ford Focus ST","2012 Ford Focus ST","CFA 3 300 000","140 000 km","🛑🛑🛑🛑 Big Promo Tabaski🐑 Ford focus sport année 2012. Titanium. Venant des USA. Essence Automatique. 140.000km. Prix 3 300 000 frs Sous douane. Contact: 782718278 ou 764823888","Dakar","2012 Ford Focus ST","https://www.gaaraas.com/fr/users/dakar-auto?page=12"
"1786243727-216","https://www.gaaraas.com/fr/users/dakar-auto?page=2","2014 Ford Escape","2014 Ford Escape","CFA 8 200 000","105 000 km","Escape 2014 bon état, 108000km, écran recul radar moteur 4 cylindre, essence V6 Prix 8.200.000 Fcfa","Dakar","2014 Ford Escape","https://www.gaaraas.com/fr/users/dakar-auto?page=12"
"1786243727-217","https://www.gaaraas.com/fr/users/dakar-auto?page=2","2006 Citroen Xsara","2006 Citroen Xsara","CFA 1 800 000","160 000 km","Citroën xsara Diesel manuel Parfait état moteur nikel. Prix : 1.800.000 Fr🤠 Contact Appel ou Whatsapp: 782718278 ou 764823888.","Dakar","2006 Citroen Xsara","https://www.gaaraas.com/fr/users/dakar-auto?page=12"
"1786243727-218","https://www.gaaraas.com/fr/users/dakar-auto?page=2","2012 Peugeot 308","2012 Peugeot 308","CFA 3 900 000","160 000 km","Le brade du jour! 308 manuel diesel 7 places dorigine d une annee de 2012 tre propre Prix cadeau: 3.900.000 f Contact Appel ou Whatsapp: 782718278 ou 764823888","Dakar","2012 Peugeot 308","https://www.gaaraas.com/fr/users/dakar-auto?page=12"
"1786243727-219","https://www.gaaraas.com/fr/users/dakar-auto?page=2","2008 Citroen C4","2008 Citroen C4","CFA 2 100 000","90 925 km","A bazarder Citroën C4 année 2008 manuelle essence/ 90925 km. Prix: 2.100.000 Contact Appel ou Whatsapp: 782718278 ou 764823888","Dakar","2008 Citroen C4","https://www.gaaraas.com/fr/users/dakar-auto?page=12"
"1786243727-220","https://www.gaaraas.com/fr/users/dakar-auto?page=2","2008 Renault Megane","2008 Renault Megane","CFA 1 850 000","120 000 km","Wanter Megane Z tres Propre. Diesel manuelle climatisé Année 2008 Prix: 1 850 000f Contact Appel ou Whatsapp: 782718278 ou 764823888.","Dakar","2008 Renault Megane","https://www.gaaraas.com/fr/users/dakar-auto?page=12"
"1786243729-221","https://www.gaaraas.com/fr/users/dakar-auto?page=2","2008 Dacia Logan","2008 Dacia Logan","CFA 2 600 000","137 000 km","Dacia 2008,muté taxi en 2016 aucun probleme tout est nikel,moteur ordinaire,diesel. Prix last: 2.600.000 f Contact: 782718278 ou 764823888","Dakar","2008 Dacia Logan","https://www.gaaraas.com/fr/users/dakar-auto?page=13"
"1786243729-222","https://www.gaaraas.com/fr/users/dakar-auto?page=2","2007 Peugeot 307","2007 Peugeot 307","CFA 2 100 000","175 598 km","307 type1 / Diesel Manuel/ 2008/ 175598 km. Prix last: 2.100.000f Contact: 782718278 ou 764823888","Dakar","2007 Peugeot 307","https://www.gaaraas.com/fr/users/dakar-auto?page=13"
"1786243729-223","https://www.gaaraas.com/fr/users/dakar-auto?page=2","2006 Toyota RAV4","2006 Toyota RAV4","CFA 3 500 000","140 000 km","💫💫💫Vente Flash👉🏾Rav 4 diesel ⛽ manuel en parfait état propre moteur nickel vendu à un prix cadeau: 3.500.000f Contact: 782718278 ou 764823888","Dakar","2006 Toyota RAV4","https://www.gaaraas.com/fr/users/dakar-auto?page=13"
"1786243729-224","https://www.gaaraas.com/fr/users/dakar-auto?page=2","2007 Fiat Stilo","2007 Fiat Stilo","CFA 2 700 000","160 000 km","A bazarder Taxi Fiat Stillo en excellent etat/ Diesel Manuel/ Annee: 2007. Prix: 2.700.000f Contact: 782718278 ou 764823888","Dakar","2007 Fiat Stilo","https://www.gaaraas.com/fr/users/dakar-auto?page=13"
"1786243729-225","https://www.gaaraas.com/fr/users/dakar-auto?page=2","2007 Audi S3","2007 Audi S3","CFA 2 000 000","120 000 km","Wanter du jour Audi diesel manuel climatisé très propre Prix: 2 millions. Contact Appel ou Whatsapp: 782718278 ou 764823888","Dakar","2007 Audi S3","https://www.gaaraas.com/fr/users/dakar-auto?page=13"
